,City,Country,Lat,Lng,Cloudiness,Date,Humidity,Max Temp,Wind Speed
0,Akdepe,TM,42.0551,59.3788,0,1619752218,82,287.15,5.14
1,Pisco,PE,-13.7,-76.2167,0,1619752219,88,292.04,2.06
2,Edd,ER,13.9297,41.6925,90,1619752219,71,302.46,4.96
3,Sabang,ID,5.8933,95.3214,100,1619752220,69,301.36,0.58
4,Horsham,GB,51.064,-0.3272,0,1619752220,100,278.15,2.72
5,Busselton,AU,-33.65,115.3333,24,1619752221,74,289.26,1.34
6,Kununurra,AU,-15.7667,128.7333,0,1619752221,31,306.15,5.14
7,Madanapalle,IN,13.55,78.5,5,1619752222,51,300.63,2.32
8,Mombetsu,JP,44.3525,143.3525,75,1619752222,100,277.15,11.32
9,Jamestown,US,42.097,-79.2353,90,1619752199,100,281.48,6.69
10,Cape Town,ZA,-33.9258,18.4232,20,1619752086,88,288.15,4.12
11,Kahului,US,20.8947,-156.47,40,1619752223,69,300.15,7.2
12,Nikolskoye,RU,59.7035,30.7861,0,1619751945,80,272.15,1.54
13,Ponta do Sol,PT,32.6667,-17.1,37,1619752224,77,286.48,0.89
14,San Policarpo,PH,12.1791,125.5072,17,1619752224,72,300.91,3.03
15,Laguna,US,38.421,-121.4238,1,1619752225,31,299.15,3.6
16,Atambua,ID,-9.1061,124.8925,25,1619752225,62,301.84,1.43
17,Praia da Vitória,PT,38.7333,-27.0667,100,1619752226,71,286.48,2.48
18,Ushuaia,AR,-54.8,-68.3,75,1619752202,70,277.15,1.54
19,Coquimbo,CL,-29.9533,-71.3436,75,1619752226,88,286.15,0.64
20,Thompson,CA,55.7435,-97.8558,40,1619751937,47,272.15,3.09
21,Puerto Ayora,EC,-0.7393,-90.3518,21,1619752227,86,297.09,3.72
22,Rikitea,PF,-23.1203,-134.9692,85,1619752227,66,298.19,5.58
23,Vigia,BR,-0.8583,-48.1417,75,1619752228,94,297.15,1.03
24,Fuling,CN,29.7022,107.3919,82,1619752228,54,300.03,1.01
25,Albany,US,42.6001,-73.9662,100,1619751937,89,286.48,2.59
26,Samarai,PG,-10.6167,150.6667,46,1619752229,76,300.5,4.48
27,Clyde River,CA,70.4692,-68.5914,90,1619752229,100,268.15,1.54
28,Lavrentiya,RU,65.5833,-171.0,34,1619752230,73,270.68,2.11
29,Babu,CN,24.4167,111.5167,64,1619752092,53,300.13,1.43
30,Hermanus,ZA,-34.4187,19.2345,61,1619752231,92,283.15,0.45
31,Comodoro Rivadavia,AR,-45.8667,-67.5,0,1619752231,48,291.15,3.09
32,Torbay,CA,47.6666,-52.7314,1,1619752231,81,276.48,4.12
33,Ancud,CL,-41.8697,-73.8203,90,1619751980,94,287.04,3.6
34,Kefamenanu,ID,-9.4467,124.4781,36,1619752232,62,301.94,3.46
35,Lebu,CL,-37.6167,-73.65,100,1619752210,95,285.93,3.58
36,Port-Cartier,CA,50.0334,-66.8654,75,1619752233,75,280.37,1.54
37,Baykit,RU,61.67,96.37,96,1619752233,71,278.06,5.2
38,Kapaa,US,22.0752,-159.319,11,1619751939,59,297.04,1.79
39,Punta Arenas,CL,-53.15,-70.9167,90,1619752019,93,279.15,3.6
40,Yumen,CN,40.2833,97.2,11,1619752234,9,297.33,5.17
41,Faanui,PF,-16.4833,-151.75,99,1619752235,69,300.68,1.32
42,Soyo,AO,-6.1349,12.3689,98,1619752235,89,299.14,2.03
43,Port Alfred,ZA,-33.5906,26.891,100,1619752235,70,289.89,5.78
44,Khatanga,RU,71.9667,102.5,100,1619751951,100,273.43,2.84
45,Coahuayana Viejo,MX,18.7333,-103.6833,45,1619752237,87,296.14,0.63
46,Skjervøy,NO,70.0311,20.9714,100,1619752238,61,272.28,10.5
47,Guerrero Negro,MX,27.9769,-114.0611,0,1619752238,71,290.88,7.69
48,Carnarvon,AU,-24.8667,113.6333,40,1619752239,57,298.15,8.75
49,Yellowknife,CA,62.456,-114.3525,75,1619752239,47,273.15,5.14
50,Atuona,PF,-9.8,-139.0333,11,1619752240,70,299.5,2.13
51,Singleton,AU,-32.5667,151.1833,3,1619752240,68,294.82,0.45
52,Levice,SK,48.2156,18.6071,98,1619752241,90,283.15,1.22
53,Broken Hill,AU,-31.95,141.4333,0,1619752241,27,297.15,4.63
54,Bredasdorp,ZA,-34.5322,20.0403,4,1619752242,92,283.15,0.45
55,Imeni Poliny Osipenko,RU,52.4201,136.4853,100,1619752242,96,273.71,5.98
56,Beyneu,KZ,45.3167,55.2,1,1619752243,38,287.24,5.25
57,Semey,KZ,50.4111,80.2275,75,1619752243,66,285.15,6.0
58,Chui,UY,-33.6971,-53.4616,0,1619752243,82,286.29,1.92
59,Norman Wells,CA,65.282,-126.8329,20,1619752244,23,282.15,1.58
60,Castro,BR,-24.7911,-50.0119,7,1619752244,98,282.52,1.97
61,Sitka,US,57.0531,-135.33,90,1619751998,87,280.15,5.14
62,Mataura,NZ,-46.1927,168.8643,33,1619752245,71,285.93,5.81
63,Ribeira Grande,PT,38.5167,-28.7,100,1619752246,64,287.37,3.01
64,Longyearbyen,SJ,78.2186,15.6401,40,1619752246,68,266.15,4.63
65,George Town,MY,5.4112,100.3354,20,1619752247,79,304.15,2.06
66,Pevek,RU,69.7008,170.3133,100,1619752247,84,267.6,4.05
67,Xai-Xai,MZ,-25.0519,33.6442,0,1619752247,78,292.96,3.24
68,Yambio,SS,4.5721,28.3955,100,1619752248,99,291.55,0.48
69,Yar-Sale,RU,66.8333,70.8333,100,1619752248,96,271.79,3.46
70,Zeya,RU,53.75,127.2667,100,1619752249,52,280.52,2.53
71,Seydi,TM,39.4816,62.9137,100,1619752150,63,294.12,4.28
72,Petropavlovsk-Kamchatskiy,RU,53.0452,158.6483,48,1619751992,62,283.15,5.0
73,Marawi,PH,7.9986,124.2928,64,1619752250,73,303.15,2.68
74,Pandan,PH,14.0453,124.1694,98,1619752250,64,301.48,1.24
75,Bathsheba,BB,13.2167,-59.5167,20,1619752250,61,299.15,4.12
76,Constitución,CL,-35.3333,-72.4167,49,1619752252,90,285.66,0.5
77,Chongwe,ZM,-15.3292,28.682,43,1619752252,86,290.55,1.82
78,Fenoarivo Atsinanana,MG,-17.3667,49.4167,96,1619752253,91,296.36,4.14
79,Hobart,AU,-42.8794,147.3294,20,1619752254,59,292.59,3.6
80,Kloulklubed,PW,7.0419,134.2556,75,1619752254,74,303.15,5.14
81,Saint George,US,37.1041,-113.5841,1,1619752254,16,299.26,3.09
82,Wakimachi,JP,34.0667,134.15,20,1619752255,35,296.15,5.14
83,Puerto Baquerizo Moreno,EC,-0.9,-89.6,15,1619752255,85,296.93,4.81
84,Saskylakh,RU,71.9167,114.0833,100,1619752256,97,274.17,3.41
85,San Patricio,US,28.017,-97.5169,90,1619752098,100,298.15,1.54
86,San Luis,AR,-33.295,-66.3356,0,1619752256,47,287.72,3.71
87,Cherskiy,RU,68.75,161.3,71,1619752257,84,266.8,4.94
88,Poum,NC,-20.2333,164.0167,82,1619752257,59,298.42,7.46
89,Padang,ID,-0.9492,100.3543,99,1619752258,84,299.18,1.03
90,Paita,PE,-5.0892,-81.1144,6,1619752258,80,293.93,5.09
91,Belmonte,BR,-15.8631,-38.8828,75,1619752259,83,298.15,3.09
92,Nālūt,LY,30.3333,10.85,29,1619752259,20,300.23,4.06
93,San Antonio,US,29.4241,-98.4936,90,1619752042,68,294.15,5.66
94,Tuktoyaktuk,CA,69.4541,-133.0374,1,1619752260,74,271.15,6.17
95,Iqaluit,CA,63.7506,-68.5145,90,1619752260,100,273.15,1.03
96,Kuching,MY,1.55,110.3333,40,1619752261,100,297.15,1.54
97,Qaanaaq,GL,77.484,-69.3632,100,1619752261,61,269.28,4.61
98,Lompoc,US,34.6391,-120.4579,11,1619752262,82,285.37,4.63
99,Salalah,OM,17.0151,54.0924,75,1619752263,79,302.15,2.57
100,Lethem,GY,3.3803,-59.7968,50,1619752263,83,297.97,3.77
101,Tasiilaq,GL,65.6145,-37.6368,99,1619752263,93,271.15,1.03
102,Abashiri,JP,44.0213,144.2697,75,1619752264,93,277.15,11.83
103,Berdigestyakh,RU,62.0989,126.6992,96,1619752265,82,275.8,1.9
104,Martapura,ID,-3.4167,114.85,20,1619752265,70,304.15,2.06
105,Maragogi,BR,-9.0122,-35.2225,87,1619752100,84,298.27,3.75
106,George,ZA,-33.963,22.4617,40,1619752266,88,286.15,2.06
107,Avarua,CK,-21.2078,-159.775,75,1619752266,78,301.15,4.63
108,Islamkot,PK,24.6997,70.177,21,1619752267,54,302.28,3.34
109,Lebrija,ES,36.9208,-6.0753,0,1619752267,87,285.37,2.06
110,Dikson,RU,73.5069,80.5464,54,1619751968,91,260.93,4.44
111,Atar,MR,20.5169,-13.0499,99,1619752268,36,298.89,2.06
112,Arman',RU,59.7,150.1667,60,1619752268,65,277.95,0.65
113,Awjilah,LY,29.1081,21.2869,0,1619752269,15,299.14,4.27
114,Severo-Kuril'sk,RU,50.6789,156.125,19,1619752084,76,277.88,3.26
115,Isangel,VU,-19.55,169.2667,85,1619752269,73,298.21,7.71
116,Yerbogachën,RU,61.2767,108.0108,70,1619752270,60,277.3,3.02
117,Gao,ML,16.6362,1.637,2,1619752270,12,303.29,3.37
118,Arlit,NE,18.7369,7.3853,2,1619752271,8,302.71,2.37
119,Almeria,ES,37.1667,-2.3333,0,1619752133,88,288.71,1.54
120,Barrow,US,71.2906,-156.7887,90,1619752255,86,266.15,3.09
121,Libin,BE,49.9833,5.2833,57,1619752272,91,274.26,0.74
122,Rapla,EE,59.0072,24.7928,100,1619752272,83,270.93,0.89
123,Olafsvik,IS,64.8945,-23.7142,83,1619752273,77,277.68,1.7
124,Mahébourg,MU,-20.4081,57.7,75,1619752273,83,298.15,6.69
125,Korla,CN,41.7597,86.1469,0,1619752274,12,298.58,1.37
126,Nuuk,GL,64.1835,-51.7216,90,1619752274,100,271.15,3.09
127,Margate,GB,51.3813,1.3862,26,1619752274,76,278.71,3.73
128,Ouadda,CF,8.0777,22.4007,100,1619752275,86,293.21,1.95
129,Ures,MX,29.4333,-110.4,37,1619752275,23,300.93,2.68
130,Lagoa,PT,39.05,-27.9833,99,1619752276,60,286.83,1.93
131,Onega,RU,63.9061,38.1404,86,1619752276,72,273.17,3.59
132,Ende,ID,-8.8432,121.6623,29,1619752277,65,303.05,1.7
133,Bluff,NZ,-46.6,168.3333,30,1619752277,71,285.93,5.81
134,Leningradskiy,RU,69.3833,178.4167,94,1619752278,83,269.32,7.52
135,Kodinsk,RU,58.6881,99.1844,54,1619752278,63,279.96,4.6
136,Nara,JP,34.6851,135.8049,20,1619752279,46,297.04,2.06
137,Vaini,TO,-21.2,-175.2,90,1619752279,100,297.15,5.66
138,Hithadhoo,MV,-0.6,73.0833,70,1619752280,71,301.88,2.93
139,Taltal,CL,-25.4,-70.4833,0,1619752280,80,290.41,2.59
140,Faya,SA,18.3851,42.4509,40,1619752281,77,288.15,1.54
141,Ust-Maya,RU,60.4167,134.5333,99,1619752281,83,279.2,1.6
142,Arraial do Cabo,BR,-22.9661,-42.0278,15,1619752282,67,295.61,3.53
143,Boa Viagem,BR,-5.1275,-39.7322,100,1619752262,96,293.9,1.04
144,Richards Bay,ZA,-28.783,32.0377,100,1619752283,83,295.1,6.51
145,Geraldton,AU,-28.7667,114.6,90,1619752283,46,295.15,6.69
146,Sisimiut,GL,66.9395,-53.6735,95,1619752284,78,274.9,2.09
147,East London,ZA,-33.0153,27.9116,100,1619752284,77,290.58,5.87
148,Patos,BR,-7.0244,-37.28,80,1619752284,84,296.39,2.85
149,Touros,BR,-5.1989,-35.4608,40,1619752285,94,297.15,1.54
150,Requena,ES,39.4883,-1.1004,68,1619752285,84,290.93,2.16
151,Hilo,US,19.7297,-155.09,90,1619752101,61,300.15,3.09
152,Thaba-Tseka,LS,-29.522,28.6084,100,1619752286,89,280.24,2.08
153,San Francisco,US,37.7749,-122.4194,75,1619752209,67,288.71,6.17
154,Garoowe,SO,8.4054,48.4845,100,1619752287,79,298.03,3.17
155,Siderno,IT,38.2779,16.302,23,1619752287,72,293.15,2.06
156,Fortuna,US,40.5982,-124.1573,1,1619752289,93,284.82,4.63
157,Saint Paul Harbor,US,57.79,-152.4072,75,1619752289,81,280.15,2.57
158,Biak,ID,-0.9131,122.8766,41,1619752018,63,302.09,0.83
159,Tvøroyri,FO,61.5556,-6.8111,90,1619752290,75,275.15,1.03
160,Kilindoni,TZ,-7.9139,39.6668,100,1619752291,84,299.05,4.31
161,Meulaboh,ID,4.1363,96.1285,94,1619752291,69,301.71,1.66
162,Aasiaat,GL,68.7098,-52.8699,100,1619752292,87,271.02,1.05
163,Alyangula,AU,-13.8483,136.4192,75,1619752292,70,302.15,3.6
164,Cairns,AU,-16.9167,145.7667,75,1619752293,57,302.59,5.66
165,Kruisfontein,ZA,-34.0033,24.7314,100,1619752293,95,285.93,0.89
166,Koumac,NC,-20.5667,164.2833,91,1619752293,62,298.04,3.85
167,Tokonou,GN,9.65,-9.7833,99,1619752294,83,295.41,1.95
168,Acapulco de Juárez,MX,16.8634,-99.8901,20,1619752294,89,299.15,3.09
169,Lakes Entrance,AU,-37.8811,147.981,7,1619752295,65,293.71,0.89
170,Souillac,MU,-20.5167,57.5167,75,1619752295,83,298.15,6.69
171,Palana,RU,59.1167,159.9667,72,1619752296,93,272.71,3.05
172,Umm Kaddadah,SD,13.6017,26.6876,100,1619752296,74,296.88,2.74
173,Porto-Novo,BJ,6.4965,2.6036,20,1619752297,83,301.15,3.09
174,Lorengau,PG,-2.0226,147.2712,99,1619752297,70,302.39,1.13
175,Belyy Yar,RU,53.6039,91.3903,75,1619752298,93,280.15,1.0
176,Bengkulu,ID,-3.8004,102.2655,97,1619752298,75,300.52,0.71
177,São Filipe,CV,14.8961,-24.4956,81,1619752298,75,295.85,3.0
178,Olinda,BR,-8.0089,-34.8553,0,1619752299,83,297.15,3.6
179,Vestmannaeyjar,IS,63.4427,-20.2734,95,1619752094,76,279.36,2.91
180,Vanimo,PG,-2.6741,141.3028,95,1619752300,81,301.62,3.46
181,Taksimo,RU,56.3444,114.8794,72,1619752300,62,276.18,1.15
182,Mar del Plata,AR,-38.0023,-57.5575,0,1619752301,82,289.82,5.14
183,Talnakh,RU,69.4865,88.3972,66,1619752301,89,272.44,1.25
184,São João da Barra,BR,-21.6403,-41.0511,66,1619752302,86,293.01,5.22
185,Yeppoon,AU,-23.1333,150.7333,75,1619752302,47,300.15,5.14
186,Morehead,US,37.2711,-87.1764,18,1619752302,99,287.59,3.05
187,Ilulissat,GL,69.2167,-51.1,100,1619752303,75,274.15,2.02
188,Kutum,SD,14.2,24.6667,22,1619752303,18,295.91,3.64
189,Tupik,RU,54.4253,119.9327,100,1619752304,89,274.73,3.27
190,Itoman,JP,26.1247,127.6694,20,1619752304,68,297.04,3.6
191,Rognan,NO,67.0953,15.3878,100,1619752305,91,274.82,2.81
192,Tiksi,RU,71.6872,128.8694,86,1619752305,83,273.34,2.17
193,Omboué,GA,-1.5746,9.2618,100,1619752306,93,297.3,2.44
194,Guasdualito,VE,7.2424,-70.7324,100,1619752306,97,295.27,2.9
195,Aranos,NA,-24.1333,19.1167,1,1619752307,67,287.34,2.77
196,Quatre Cocos,MU,-20.2078,57.7625,75,1619752307,83,298.15,6.69
197,Nanortalik,GL,60.1432,-45.2371,10,1619752307,84,275.76,4.0
198,Port Elizabeth,ZA,-33.918,25.5701,0,1619752308,88,286.15,3.09
199,Butaritari,KI,3.0707,172.7902,99,1619752308,71,301.97,4.8
200,Ahipara,NZ,-35.1667,173.1667,16,1619752309,66,291.64,3.62
201,Waiuku,NZ,-37.25,174.75,75,1619752309,77,292.59,4.63
202,Yulara,AU,-25.2406,130.9889,22,1619752310,16,298.15,3.6
203,Pauini,BR,-7.7136,-66.9764,86,1619752273,97,295.29,0.55
204,Katsuura,JP,35.1333,140.3,20,1619752311,60,298.71,2.57
205,Pacific Grove,US,36.6177,-121.9166,1,1619752243,72,287.15,3.09
206,Abnūb,EG,27.2696,31.1511,0,1619752311,37,294.15,2.57
207,Anadyr,RU,64.75,177.4833,0,1619752312,74,270.15,6.0
208,Saint-Philippe,RE,-21.3585,55.7679,90,1619752312,83,296.15,4.63
209,Cabo San Lucas,MX,22.8909,-109.9124,1,1619752159,38,296.15,3.6
210,Tautira,PF,-17.7333,-149.15,40,1619752313,62,304.15,1.03
211,Puerto Escondido,MX,15.85,-97.0667,40,1619752314,78,300.15,1.03
212,Bethel,US,41.3712,-73.414,40,1619752046,73,294.15,5.14
213,Paamiut,GL,61.994,-49.6678,5,1619752056,85,275.41,1.25
214,Marsh Harbour,BS,26.5412,-77.0636,83,1619752314,75,297.47,5.99
215,Flin Flon,CA,54.7682,-101.865,0,1619752315,59,271.85,1.61
216,Kirovskiy,RU,45.0917,133.5136,100,1619752315,29,289.33,1.29
217,Rovaniemi,FI,66.5,25.7167,0,1619752316,64,271.15,4.63
218,Saint-Pierre,RE,-21.3393,55.4781,90,1619752316,83,296.15,4.63
219,Kavieng,PG,-2.5744,150.7967,39,1619752317,69,302.45,4.11
220,Toora-Khem,RU,52.4675,96.11,100,1619752317,98,275.9,1.01
221,Hammerfest,NO,70.6634,23.6821,75,1619752318,63,270.15,7.2
222,Road Town,VG,18.4167,-64.6167,89,1619752296,84,298.71,3.58
223,Ekibastuz,KZ,51.6667,75.3667,100,1619752318,41,283.6,3.97
224,Malinyi,TZ,-8.9333,36.1333,100,1619752319,97,293.36,0.83
225,Sept-Îles,CA,50.2001,-66.3821,75,1619752116,75,280.37,1.54
226,Badamdar,AZ,40.3394,49.8039,0,1619752319,82,287.15,2.06
227,Popondetta,PG,-8.7537,148.2534,47,1619752320,55,304.58,2.49
228,Berlevåg,NO,70.8578,29.0864,75,1619752320,59,271.15,9.77
229,Annau,TM,37.8876,58.516,90,1619752321,88,291.15,2.06
230,Nelson Bay,AU,-32.7167,152.15,40,1619752321,78,295.37,3.6
231,Port Blair,IN,11.6667,92.75,100,1619752144,68,302.25,2.83
232,Novikovo,RU,51.1537,37.8879,100,1619752322,70,279.88,3.08
233,Barcelona,ES,41.3888,2.159,40,1619752046,88,288.71,1.54
234,Betong,TH,5.7743,101.0723,100,1619752323,91,298.59,0.5
235,Borogontsy,RU,62.6683,131.1683,100,1619752323,85,276.11,1.24
236,Zarand,IR,30.8127,56.564,73,1619752324,41,292.2,0.14
237,Bilma,NE,18.6853,12.9164,0,1619752324,8,301.22,3.44
238,Fare,PF,-16.7,-151.0167,100,1619752324,71,300.6,1.2
239,Guatire,VE,10.4762,-66.5427,40,1619752325,88,297.15,0.51
240,Tuatapere,NZ,-46.1333,167.6833,55,1619752325,71,285.93,5.81
241,Sal Rei,CV,16.1833,-22.9167,40,1619752326,78,294.15,5.14
242,Bambanglipuro,ID,-7.95,110.2833,77,1619752051,70,301.91,2.22
243,Dingle,PH,10.9995,122.6711,29,1619752326,40,305.43,2.75
244,Kathmandu,NP,27.7167,85.3167,75,1619752104,77,290.15,2.06
245,Chokurdakh,RU,70.6333,147.9167,11,1619752327,84,266.04,2.31
246,Makaha,US,21.4694,-158.2175,90,1619752328,64,300.15,4.63
247,Camacha,PT,33.0833,-16.3333,75,1619752328,82,287.15,7.72
248,Nishihara,JP,26.1842,127.7558,20,1619752328,64,297.15,3.6
249,Verāval,IN,20.9,70.3667,100,1619752329,60,302.15,4.55
250,Paciran,ID,-6.8767,112.3761,62,1619752329,68,302.45,2.5
251,Malpe,IN,13.35,74.7167,21,1619752330,61,301.15,2.57
252,Marystown,CA,47.1666,-55.1483,18,1619752330,90,275.71,2.97
253,Ketchikan,US,55.3422,-131.6461,90,1619752153,93,282.15,5.66
254,Solnechnyy,RU,50.7214,136.6319,89,1619752331,70,276.46,4.27
255,Port Shepstone,ZA,-30.7414,30.455,100,1619752332,88,291.35,5.99
256,Camalú,MX,30.85,-116.0667,0,1619752332,72,290.96,1.84
257,Arrondissement de Saint-Denis,FR,48.9167,2.3333,0,1619752333,76,281.48,1.03
258,Diffa,NE,13.3154,12.6113,37,1619752333,9,301.0,4.09
259,Inhambane,MZ,-23.865,35.3833,0,1619752333,79,295.04,2.38
260,Cidreira,BR,-30.1811,-50.2056,0,1619752273,76,291.28,2.89
261,Bambous Virieux,MU,-20.3428,57.7575,75,1619752334,83,298.15,6.69
262,Waipawa,NZ,-41.4122,175.5153,20,1619752335,67,290.93,8.23
263,Abhā,SA,18.2164,42.5053,40,1619752335,77,288.15,1.54
264,Cabinda,AO,-5.55,12.2,85,1619752335,90,298.84,1.93
265,Narsaq,GL,60.9167,-46.05,75,1619752336,87,275.15,2.09
266,Pullman,US,46.7313,-117.1796,1,1619752336,32,293.15,0.94
267,Sarangani,PH,5.4033,125.4636,98,1619752337,76,301.54,4.6
268,Pacifica,US,37.6138,-122.4869,1,1619752337,82,286.48,3.09
269,Kaitangata,NZ,-46.2817,169.8464,53,1619752338,54,285.93,5.81
270,Araouane,ML,18.9048,-3.5265,94,1619752338,25,304.71,3.86
271,Tanout,NE,14.9709,8.8879,8,1619752088,9,297.43,1.29
272,Nanchong,CN,30.7951,106.0847,22,1619752339,50,299.56,2.4
273,Yong’an,CN,39.6957,113.6871,96,1619752339,53,282.96,6.42
274,Kumul,CN,42.8,93.45,2,1619752340,12,298.7,2.34
275,Aitape,PG,-3.1374,142.3475,36,1619752340,69,303.2,2.89
276,Sūsangerd,IR,31.5608,48.1831,0,1619752341,48,292.15,1.03
277,Flinders,AU,-34.5833,150.8552,2,1619752341,61,297.04,1.79
278,Alta Floresta,BR,-9.8756,-56.0861,74,1619752341,96,294.15,0.73
279,Maumere,ID,-8.6199,122.2111,22,1619752342,70,302.07,0.25
280,Ixtapa,MX,20.7,-105.2,1,1619752342,78,299.15,4.12
281,Río Gallegos,AR,-51.6226,-69.2181,0,1619752343,87,281.15,4.63
282,Urucará,BR,-2.5364,-57.76,90,1619752343,97,295.86,1.04
283,Hasaki,JP,35.7333,140.8333,20,1619752344,46,298.71,2.06
284,Falmouth,GB,50.1544,-5.0711,1,1619752344,93,279.15,2.46
285,Severnyy,RU,50.677,36.5532,0,1619752345,49,281.15,5.0
286,Labuhan,ID,-6.8844,112.2051,40,1619752345,69,302.47,2.28
287,Provideniya,RU,64.3833,-173.3,75,1619752346,80,271.15,5.0
288,Manokwari,ID,-0.8667,134.0833,100,1619752346,78,300.45,2.63
289,Ocean Springs,US,30.4113,-88.8278,1,1619752290,100,297.15,2.57
290,Vostok,RU,46.4856,135.8833,57,1619752347,22,286.42,3.09
291,Chicama,PE,-7.8447,-79.1469,0,1619752349,80,293.71,3.1
292,Severnoye,RU,56.3491,78.3619,2,1619752349,64,281.11,5.98
293,Makkah al Mukarramah,SA,21.4267,39.8261,73,1619752350,30,303.45,2.7
294,Muros,ES,42.7762,-9.0603,9,1619752350,93,279.26,4.04
295,Trairi,BR,-3.2778,-39.2689,83,1619752260,92,296.9,2.47
296,Currais Novos,BR,-6.2608,-36.5178,100,1619752352,90,294.99,2.42
297,Lianhe,CN,47.1333,129.2667,22,1619752352,20,289.8,4.04
298,Inyonga,TZ,-6.7167,32.0667,100,1619752353,96,289.78,1.32
299,Formiga,BR,-20.4644,-45.4264,98,1619752353,77,289.49,4.12
300,Cornélio Procópio,BR,-23.1811,-50.6467,0,1619752353,77,290.15,3.6
301,Oodweyne,SO,9.4092,45.064,100,1619752354,84,292.56,3.2
302,Sistranda,NO,63.7256,8.834,75,1619752354,93,275.15,3.09
303,Negara,ID,-8.3151,114.6025,24,1619752355,61,303.09,2.42
304,Pueblo,US,38.2545,-104.6091,1,1619752355,27,289.82,4.12
305,Zyryanka,RU,65.75,150.85,100,1619752356,87,274.12,1.56
306,Marquette,US,46.5333,-87.6335,7,1619752356,92,277.04,1.7
307,São Miguel do Araguaia,BR,-13.275,-50.1628,93,1619752357,85,295.12,1.66
308,Dauphin,CA,51.1494,-100.0502,1,1619752357,41,275.15,2.57
309,Codrington,AU,-38.2667,141.9667,0,1619752358,36,296.46,4.37
310,San Rafael,AR,-34.6177,-68.3301,1,1619752071,56,289.95,4.47
311,Huarmey,PE,-10.0681,-78.1522,0,1619752358,84,293.15,3.95
312,Naze,JP,28.3667,129.4833,20,1619752359,57,298.15,4.63
313,Jiayuguan City,CN,39.8167,98.3,7,1619752359,10,295.88,3.8
314,Vilhena,BR,-12.7406,-60.1458,100,1619752208,89,291.21,1.36
315,Los Llanos de Aridane,ES,28.6585,-17.9182,40,1619752360,68,291.15,2.57
316,Fukuechō,JP,32.6881,128.8419,20,1619752360,52,293.15,6.69
317,Bubaque,GW,11.2833,-15.8333,45,1619752361,67,298.66,5.29
318,Tazovsky,RU,67.4667,78.7,100,1619752361,93,272.16,4.16
319,Evensk,RU,61.95,159.2333,36,1619752362,92,273.79,0.08
320,Ondjiva,AO,-17.0667,15.7333,97,1619752362,59,293.5,1.87
321,Belyy,RU,55.8402,32.9419,100,1619752363,92,278.74,3.19
322,Sobolevo,RU,54.4299,31.8996,100,1619752363,91,281.14,7.63
323,Meihekou,CN,42.5272,125.6753,100,1619752364,50,283.93,4.04
324,Esperance,AU,-33.8667,121.9,90,1619752364,88,287.15,8.75
325,Puerto Madero,MX,14.7208,-92.4215,75,1619752365,74,301.15,1.9
326,Hirara,JP,24.8,125.2833,20,1619752365,69,299.15,1.54
327,Mitsamiouli,KM,-11.3847,43.2844,78,1619752365,76,299.93,1.56
328,Port Lincoln,AU,-34.7333,135.8667,59,1619752366,38,296.15,5.01
329,Shimoda,JP,34.6667,138.95,20,1619752366,68,295.37,10.8
330,Carutapera,BR,-1.195,-46.02,96,1619752367,92,297.09,1.99
331,Burnie,AU,-41.0667,145.9167,43,1619752085,70,288.15,4.02
332,Cape Canaveral,US,28.4058,-80.6048,20,1619752368,83,299.82,4.63
333,Kaeo,NZ,-35.1,173.7833,23,1619752368,66,293.71,2.24
334,Masterton,NZ,-40.9597,175.6575,97,1619752171,73,291.48,1.45
335,St. George's,GD,12.0564,-61.7485,75,1619752369,88,297.15,4.34
336,Alofi,NU,-19.0595,-169.9187,40,1619752369,79,302.15,2.06
337,Caravelas,BR,-17.7125,-39.2481,100,1619752370,71,297.62,4.98
338,Champerico,GT,14.3,-91.9167,74,1619752370,94,292.04,2.2
339,Hamilton,US,39.1834,-84.5333,1,1619752236,76,286.48,3.6
340,New Norfolk,AU,-42.7826,147.0587,26,1619752371,50,292.59,1.34
341,Te Anau,NZ,-45.4167,167.7167,7,1619752371,61,288.02,1.02
342,Jutaí,BR,-5.1833,-68.9,98,1619752372,98,295.43,1.12
343,Ferry Pass,US,30.5102,-87.2125,75,1619752372,94,297.04,2.06
344,Pitimbu,BR,-7.4706,-34.8086,40,1619752373,100,297.15,2.06
345,Mahibadhoo,MV,3.7833,72.9667,6,1619752373,71,301.64,2.34
346,Chengde,CN,40.9725,117.9361,100,1619752374,16,285.4,2.7
347,Najrān,SA,17.4924,44.1277,40,1619752374,68,294.15,1.03
348,Ajdabiya,LY,30.7554,20.2263,6,1619752374,12,299.67,5.02
349,Cockburn Town,TC,21.4612,-71.1419,1,1619752375,77,298.87,8.12
350,Aklavik,CA,68.2191,-135.0107,33,1619752375,39,279.15,2.06
351,Laas,IT,46.6166,10.7002,40,1619752376,87,284.82,1.54
352,Sedalia,US,38.7045,-93.2283,1,1619752376,55,291.15,4.12
353,Nhulunbuy,AU,-12.2333,136.7667,40,1619752377,62,303.15,5.66
354,Altay,CN,47.8667,88.1167,14,1619752377,34,293.7,2.21
355,Ulaangom,MN,49.9811,92.0667,93,1619752378,35,288.45,1.7
356,Zhatay,RU,62.1594,129.8294,0,1619752378,60,278.15,3.0
357,Yaan,NG,7.3833,8.5667,100,1619752378,75,298.85,3.41
358,Kholodnyy,RU,62.7167,147.95,100,1619752379,89,273.04,0.91
359,Severomuysk,RU,56.1481,113.4267,70,1619752379,76,269.46,2.08
360,Tondano,ID,1.3038,124.9112,20,1619752380,55,306.15,1.03
361,Eilat,IL,29.5581,34.9482,0,1619752380,24,300.15,4.12
362,Guaratinga,BR,-16.5667,-39.5667,75,1619752273,83,298.15,3.09
363,Porto Velho,BR,-8.7619,-63.9039,40,1619752106,83,298.15,2.57
364,Balakirevo,RU,56.5059,38.8432,100,1619752381,91,277.09,3.08
365,Levelland,US,33.5873,-102.378,75,1619752382,42,290.93,4.63
366,Mitchell,US,43.7094,-98.0298,1,1619752261,36,289.15,2.06
367,Gushikawa,JP,26.3544,127.8686,40,1619752383,78,297.15,5.14
368,Kiryat Gat,IL,31.61,34.7642,40,1619752383,77,291.15,2.57
369,Pemberton,CA,50.3164,-122.8027,91,1619752384,82,287.15,2.77
370,Bandarbeyla,SO,9.4942,50.8122,18,1619752384,76,301.04,1.67
371,Strausberg,DE,52.5786,13.8874,84,1619752384,81,280.93,2.68
372,Affery,CI,6.315,-3.9603,98,1619752385,99,296.73,1.03
373,Mount Gambier,AU,-37.8333,140.7667,0,1619752385,46,295.15,6.17
374,Nakamura,JP,32.9833,132.9333,1,1619752386,49,295.14,4.45
375,Banda Aceh,ID,5.5577,95.3222,100,1619752386,69,301.97,0.62
376,Weihai,CN,37.5017,122.1136,33,1619752387,61,283.77,4.22
377,Abu Samrah,SY,35.3029,37.1841,8,1619752387,42,293.22,2.24
378,Hualmay,PE,-11.0964,-77.6139,0,1619752388,85,292.57,3.4
379,Nicoya,CR,10.1483,-85.452,85,1619752388,78,298.86,2.04
380,Laramie,US,41.3114,-105.5911,1,1619752389,40,283.71,2.06
381,Assiut,EG,27.181,31.1837,0,1619752389,37,294.15,2.57
382,Malanje,AO,-9.5402,16.341,99,1619752389,99,290.88,1.59
383,Milagro,ES,42.2386,-1.764,20,1619752390,81,282.15,3.09
384,Moerai,PF,-22.4333,-151.3333,58,1619752390,77,299.03,6.42
385,Airai,TL,-8.9266,125.4092,18,1619752391,54,297.29,1.51
386,Bereket,TM,39.2446,55.5154,3,1619752392,63,291.9,0.28
387,Baymak,RU,52.5933,58.3225,8,1619752392,64,279.12,3.13
388,Ilhabela,BR,-23.7781,-45.3581,60,1619752095,80,293.48,1.12
389,Saint-Augustin,CA,51.226,-58.6502,100,1619752393,85,277.81,1.7
390,Esim,GH,4.8699,-2.2405,100,1619752393,80,299.82,1.23
391,Kyren,RU,51.6828,102.1408,97,1619752394,75,279.48,0.51
392,Garissa,KE,-0.4536,39.6401,86,1619752394,76,298.52,5.19
393,The Valley,AI,18.217,-63.0578,20,1619752395,73,299.15,5.14
394,Sakaiminato,JP,35.55,133.2333,75,1619752395,88,289.15,12.86
395,Powassan,CA,46.0334,-79.3496,90,1619752396,66,285.15,1.54
396,Kysyl-Syr,RU,63.8986,122.7617,100,1619752396,87,273.3,1.69
397,Distrikt Brokopondo,SR,4.75,-55.1667,98,1619752397,91,297.15,2.13
398,Neuquén,AR,-38.9516,-68.0591,0,1619752397,100,285.15,1.03
399,Mareeba,AU,-17.0,145.4333,75,1619752397,57,302.59,5.66
400,Hong Kong,HK,22.2855,114.1577,100,1619752379,83,299.82,1.79
401,Örnsköldsvik,SE,63.2909,18.7153,20,1619752398,74,272.15,3.6
402,Ashland,US,40.8167,-82.2665,90,1619752398,82,285.15,4.12
403,Winslow,US,35.0242,-110.6974,1,1619752303,16,289.15,3.6
404,Port Keats,AU,-14.25,129.55,3,1619752399,39,305.92,3.64
405,Ahar,IR,38.4774,47.0699,33,1619752400,82,285.78,1.45
406,Seyé,MX,20.8333,-89.3667,1,1619752400,45,303.15,8.23
407,Port Hawkesbury,CA,45.6169,-61.3485,1,1619752400,93,277.59,2.57
408,Erenhot,CN,43.6475,111.9767,27,1619752401,14,282.31,5.29
409,Salinópolis,BR,-0.6136,-47.3561,99,1619752395,87,298.32,2.29
410,Salta,AR,-24.7859,-65.4117,0,1619752155,94,285.15,1.03
411,Zhangaözen,KZ,43.3,52.8,100,1619752402,61,286.66,5.44
412,Preobrazheniye,RU,42.9019,133.9064,100,1619752402,56,282.63,5.67
413,Giuvărăşti,RO,43.8,24.7,90,1619752403,93,284.26,1.03
414,Ojinaga,MX,29.5667,-104.4167,1,1619752403,34,293.15,9.77
415,Aleksandrovsk-Sakhalinskiy,RU,50.8975,142.1561,100,1619752404,84,277.75,2.56
416,Eyl,SO,7.9803,49.8164,63,1619752404,74,301.48,2.51
417,Steinbach am Taunus,DE,50.1667,8.5667,0,1619752405,93,276.48,1.03
418,Luanda,AO,-8.8368,13.2343,75,1619752405,88,297.15,2.06
419,Mananara,MG,-16.1667,49.7667,89,1619752406,92,296.73,2.58
420,Wailuku,US,20.8911,-156.5047,40,1619752406,69,300.15,7.2
421,San Jose,US,37.3394,-121.895,75,1619752239,59,292.15,4.12
422,Portland,US,45.5234,-122.6762,75,1619752396,42,293.15,2.06
423,Amoy,CN,24.4798,118.0819,7,1619752407,69,298.15,2.0
424,Prattville,US,32.464,-86.4597,1,1619752246,100,295.15,1.24
425,Qaqortoq,GL,60.7167,-46.0333,75,1619752408,87,275.15,2.27
426,Legionowo,PL,52.4015,20.9266,0,1619752408,100,285.37,4.12
427,Zunyi,CN,27.6867,106.9072,67,1619752409,57,296.01,2.32
428,Christchurch,NZ,-43.5333,172.6333,100,1619752409,67,289.82,12.35
429,Northam,GB,51.0333,-4.2167,86,1619752410,1,278.15,1.8
430,Smithers,CA,54.7804,-127.1743,75,1619752361,58,285.15,6.17
431,Prince Rupert,CA,54.3161,-130.3201,90,1619752410,93,282.15,4.63
432,Palu,ID,-0.8917,119.8707,25,1619752411,54,306.08,1.07
433,Gornopravdinsk,RU,60.05,69.9,91,1619752411,77,279.06,4.09
434,Merauke,ID,-8.4667,140.3333,89,1619752412,69,301.72,3.62
435,Zhangye,CN,38.9342,100.4517,0,1619752412,15,294.48,0.66
436,Plastun,RU,44.7561,136.2939,92,1619752413,60,282.77,3.54
437,Whitehorse,CA,60.7161,-135.0538,90,1619752413,93,277.15,4.12
438,Kieta,PG,-6.2167,155.6333,37,1619752414,76,301.38,0.72
439,Nabire,ID,-3.3667,135.4833,100,1619752414,61,303.79,1.44
440,Wabag,PG,-5.4781,143.7021,66,1619752415,88,290.02,1.14
441,Calbuco,CL,-41.768,-73.1273,75,1619752415,88,286.15,7.72
442,Arona,ES,28.0996,-16.681,20,1619752416,72,290.93,3.09
443,Port Macquarie,AU,-31.4333,152.9167,8,1619752329,69,295.37,2.26
444,Kinablangan,PH,7.6947,126.5503,95,1619752416,67,302.06,2.26
445,Ostrovnoy,RU,68.0531,39.5131,100,1619752417,88,269.68,7.98
446,Buraidah,SA,26.326,43.975,0,1619752417,34,293.15,2.57
447,Ouégoa,NC,-20.35,164.4333,85,1619752418,56,298.82,6.93
448,Santa Catalina,PH,9.3337,122.8637,20,1619752418,79,303.15,4.12
449,Dergachi,RU,51.2328,48.7659,37,1619752419,61,281.53,0.82
450,Sibolga,ID,1.7427,98.7792,100,1619752419,83,299.27,0.32
451,Mercedes,AR,-34.6515,-59.4307,0,1619752420,81,286.48,1.34
452,Kambi,GR,39.2177,20.8998,0,1619752420,94,289.26,2.06
453,East Wenatchee Bench,US,47.4257,-120.2812,1,1619752421,27,296.15,2.97
454,Araceli,PH,10.5529,119.9913,50,1619752421,68,301.51,3.26
455,Albion,US,42.2431,-84.753,1,1619752421,76,283.15,4.63
456,Dahuk,IQ,36.8695,42.994,16,1619752422,43,292.29,1.53
457,Lázaro Cárdenas,MX,17.9583,-102.2,99,1619752422,81,297.91,2.48
458,Soligalich,RU,59.0778,42.2864,99,1619752423,90,274.8,1.72
459,Verkhnyaya Inta,RU,65.9811,60.3094,85,1619752423,81,268.65,1.46
460,Marzuq,YE,14.4,46.4667,99,1619752424,64,295.24,1.29
461,Thinadhoo,MV,0.5333,72.9333,15,1619752424,71,301.74,2.03
462,Mandalgovi,MN,45.7625,106.2708,100,1619752424,47,277.84,6.73
463,Forsytheganj,BY,52.6333,29.7333,100,1619752425,85,283.08,5.88
464,Ashgabat,TM,37.95,58.3833,90,1619752425,88,291.15,2.06
465,Baghmara,IN,23.795,86.2085,36,1619752426,29,307.96,4.56
466,Naantali,FI,60.4674,22.0243,0,1619752426,93,273.71,0.51
467,Isla Vista,US,34.4133,-119.861,1,1619752427,77,296.48,3.09
468,San Rafael del Sur,NI,11.8485,-86.4384,20,1619752427,58,302.15,2.06
469,Mabaruma,GY,8.2,-59.7833,100,1619752428,97,295.64,2.05
470,Dongkan,CN,33.9997,119.8308,69,1619752428,35,295.72,5.7
471,Gazojak,TM,41.1875,61.4036,96,1619752429,73,290.71,7.73
472,Pasni,PK,25.2631,63.471,32,1619752429,79,300.91,1.85
473,Tawang Town,IN,27.5833,91.8667,2,1619752429,40,288.45,1.61
474,Xicoténcatl,MX,23.0167,-98.8833,21,1619752430,77,302.04,6.71
475,Santiago del Estero,AR,-27.7951,-64.2615,0,1619752430,49,289.11,3.62
476,Verkhnevilyuysk,RU,63.4453,120.3167,100,1619752431,69,276.17,2.72
477,Durant,US,33.994,-96.3708,1,1619752228,100,290.15,5.76
478,Kavaratti,IN,10.5669,72.642,27,1619752431,75,302.1,3.28
479,Mossamedes,AO,-15.1961,12.1522,88,1619752432,76,296.36,1.69
480,Hofn,IS,64.2539,-15.2082,15,1619752432,62,277.14,2.98
481,Coyhaique,CL,-45.5752,-72.0662,80,1619752433,97,282.42,2.13
482,Lüderitz,NA,-26.6481,15.1594,0,1619752433,76,286.11,9.39
483,Guantánamo,CU,20.1444,-75.2092,20,1619752434,65,300.15,4.12
484,Lyubim,RU,58.3625,40.6843,85,1619752434,88,274.73,1.74
485,Tezu,IN,27.9167,96.1667,92,1619752435,20,308.35,1.97
486,Valdivia,CL,-39.8142,-73.2459,90,1619752435,100,286.15,1.54
487,Tacuatí,PY,-23.45,-56.5833,0,1619752436,60,288.8,1.34
488,Areia Branca,BR,-4.9561,-37.1369,100,1619752436,85,298.4,5.24
489,Werda,BW,-25.2667,23.2833,51,1619752437,84,289.37,1.97
490,Antalaha,MG,-14.9003,50.2788,27,1619752283,87,296.62,3.09
491,Kropotkin,RU,45.4375,40.5756,84,1619752437,93,285.18,3.6
492,Kazachinskoye,RU,57.6953,93.2761,100,1619752438,84,279.23,4.46
493,Anloga,GH,5.7947,0.8973,20,1619752438,83,300.15,2.06
494,Porto de Moz,BR,-1.7483,-52.2383,100,1619752439,93,296.8,1.3
495,Severobaykal'sk,RU,55.65,109.3167,15,1619752439,70,273.04,1.73
496,Chapais,CA,49.7834,-74.8492,90,1619752440,57,281.15,2.57
497,Shingū,JP,33.7333,135.9833,20,1619752440,77,291.15,4.63
498,Goroka,PG,-6.0834,145.3873,97,1619752441,65,296.63,0.22
499,Freeport,US,40.6576,-73.5832,75,1619752332,88,292.59,5.66
500,La Ronge,CA,55.1001,-105.2842,13,1619752442,44,275.15,1.54
501,Sulangan,PH,11.1373,123.7228,12,1619752442,75,300.96,3.17
502,Bayan,CN,46.0833,127.4,69,1619752443,30,289.06,3.19
503,Cham,CH,47.1821,8.4636,75,1619752443,93,283.71,1.04
504,Ternate,ID,0.8,127.4,89,1619752444,67,302.29,1.27
505,Bretzfeld,DE,49.1794,9.4383,75,1619752444,93,277.04,1.03
506,San Buenaventura,MX,27.0833,-101.5333,40,1619752444,41,298.15,4.12
507,Inírida,CO,3.8653,-67.9239,100,1619752445,99,295.36,0.3
508,Stykkisholmur,IS,65.0757,-22.7297,80,1619752445,85,276.4,1.04
509,Ndungu,TZ,-4.3667,38.05,93,1619752446,96,294.38,1.17
510,Anito,PH,12.4497,125.2886,23,1619752446,64,302.71,2.51
511,Axum,ET,14.1245,38.7244,91,1619752447,59,291.01,1.17
512,Xiaoweizhai,CN,26.1903,107.5125,60,1619752447,53,297.21,2.36
513,Gerāsh,IR,27.6652,54.1371,75,1619752448,38,297.15,1.53
514,Ankazobe,MG,-18.3167,47.1167,75,1619752448,94,290.15,2.57
515,Belém,BR,-1.4558,-48.5044,75,1619752444,94,297.15,1.03
516,Fairbanks,US,64.8378,-147.7164,90,1619752428,75,279.15,7.2
517,Chulym,RU,55.0997,80.9572,0,1619752449,53,282.67,5.89
518,Empalme,MX,27.9667,-110.8167,1,1619752449,23,305.15,5.66
519,Buin,CL,-33.7333,-70.75,94,1619752450,87,288.15,4.63
520,Palmas,BR,-10.2128,-48.3603,40,1619752450,94,297.15,2.06
521,Nanpiao,CN,41.0982,120.7479,91,1619752451,14,288.63,0.34
522,Dawlatabad,AF,36.4141,64.9053,100,1619752451,54,295.4,3.88
523,Pundaguitan,PH,6.3711,126.1689,100,1619752452,73,301.16,2.64
524,Maniitsoq,GL,65.4167,-52.9,51,1619752452,77,274.92,2.21
525,Upernavik,GL,72.7868,-56.1549,99,1619752453,60,267.79,1.64
526,Inverell,AU,-29.7833,151.1167,39,1619752453,52,296.48,0.89
527,Adrar,MR,20.5022,-10.0711,9,1619752453,40,297.22,4.63
528,Duvan,RU,55.695,57.9024,80,1619752454,80,275.96,5.42
529,Ayan,RU,56.45,138.1667,100,1619752454,90,273.59,4.78
530,Acaraú,BR,-2.8856,-40.12,100,1619752455,83,298.32,3.87
531,Mount Isa,AU,-20.7333,139.5,40,1619752455,32,301.15,6.17
532,Verkh-Usugli,RU,52.7,115.1667,84,1619752456,50,277.88,4.97
533,Gazli,UZ,40.1333,63.45,100,1619752456,64,293.63,4.45
534,Sainte-Martine,CA,45.2501,-73.7992,100,1619752457,94,285.93,1.19
535,Sambava,MG,-14.2667,50.1667,9,1619752330,86,297.02,4.2
536,Jumla,NP,29.2747,82.1838,78,1619752457,43,289.34,1.48
537,Rizal,PH,15.7118,121.1061,31,1619752458,40,308.47,1.85
538,Lusambo,CD,-4.9667,23.45,100,1619752458,99,293.9,0.45
539,Ballina,AU,-28.8667,153.5667,58,1619752458,88,294.26,3.6
540,Suoyarvi,RU,62.0833,32.35,9,1619752459,74,272.39,1.95
541,Yola,NG,9.2,12.4833,57,1619752460,47,302.02,1.47
542,Piaçabuçu,BR,-10.4056,-36.4344,71,1619752460,83,297.97,3.58
543,Storsteinnes,NO,69.2408,19.2344,75,1619752461,86,270.15,4.12
544,Viedma,AR,-40.8135,-62.9967,100,1619752461,59,292.25,8.44
545,Clarksdale,US,34.2001,-90.5709,100,1619752380,90,294.26,3.19
546,Marabu,MY,4.4148,114.0089,40,1619752404,74,303.15,1.54
547,Buala,SB,-8.145,159.5921,95,1619752462,71,301.92,2.2
548,Balabac,PH,7.9868,117.0645,8,1619752462,66,303.12,4.8
549,Srednekolymsk,RU,67.45,153.6833,100,1619752463,93,272.41,3.23
550,Karasjok,NO,69.4719,25.5112,75,1619752463,80,270.15,4.12
551,Bonthe,SL,7.5264,-12.505,53,1619752464,80,299.68,1.75
552,Ipil,PH,7.75,122.5167,27,1619752464,69,302.56,2.46
